{
    "max_eval_time": [
        8
    ],
    "max_queue_time": [
        22
    ],
    "mean_eval_time": [
        7.333333333333333
    ],
    "mean_queue_time": [
        18.0
    ],
    "mean_throughput": [
        0.08765578334195488
    ],
    "median_eval_time": [
        7.0
    ],
    "std_eval_time": [
        0.4714045207910317
    ],
    "std_queue_time": [
        3.265986323710904
    ],
    "success_rate": [
        1.0
    ],
    "total_eval_time": [
        83.6605761051178
    ]
}