{
    "max_eval_time": [
        50,
        47,
        44,
        41,
        97,
        74,
        72,
        53,
        42,
        45
    ],
    "max_queue_time": [
        14,
        14,
        13,
        13,
        13,
        13,
        13,
        14,
        14,
        14
    ],
    "mean_eval_time": [
        36.2,
        34.4,
        34.4,
        32.0,
        67.4,
        45.0,
        44.4,
        42.6,
        40.4,
        43.0
    ],
    "mean_queue_time": [
        11.8,
        11.2,
        11.2,
        11.6,
        11.6,
        11.6,
        11.4,
        11.6,
        11.4,
        12.0
    ],
    "mean_throughput": [
        0.5430117210307511,
        0.5194669727484877,
        0.5153175130210444,
        0.47270854221230013,
        0.521479996565969,
        0.3530978175029252,
        0.3467480241855405,
        0.6335590841220867,
        0.6069963910860169,
        0.6384100236482227
    ],
    "median_eval_time": [
        34.0,
        29.0,
        32.0,
        32.0,
        62.0,
        37.0,
        38.0,
        41.0,
        41.0,
        44.0
    ],
    "std_eval_time": [
        9.173875952943773,
        7.787168933572715,
        6.529931086925803,
        4.9396356140913875,
        25.648391762447794,
        16.037456157383563,
        15.768322675541619,
        5.314132102234569,
        1.3564659966250536,
        2.0976176963403033
    ],
    "std_queue_time": [
        1.469693845669907,
        1.7204650534085253,
        1.16619037896906,
        1.7435595774162693,
        1.3564659966250536,
        1.3564659966250536,
        1.9595917942265424,
        1.4966629547095764,
        1.4966629547095764,
        1.4142135623730951
    ],
    "success_rate": [
        1.0,
        1.0,
        1.0,
        1.0,
        1.0,
        1.0,
        1.0,
        1.0,
        1.0,
        1.0
    ],
    "total_eval_time": [
        66.66522765159607,
        66.22172689437866,
        66.75496006011963,
        67.69498991966248,
        129.24752712249756,
        127.44343852996826,
        128.04687237739563,
        67.2391905784607,
        66.55723261833191,
        67.3548321723938
    ]
}