{
    "10": {
        "id": "10",
        "identity": {
            "generation": null,
            "generation_timestamp": 1568719783.051168
        },
        "interpretation": "/home/ubuntu/enn-workspace/enn-release/results/509868_CTStexttest_textclassifier_test_config_201909171129/gen_00/candidate_10.json",
        "metrics": {
            "alt_objective": null,
            "avg_gpu_batch_time": [],
            "execution": {
                "client_elapsed_time": 7.848164796829224,
                "eval_error": null,
                "queue_wait_time": 5.85773777961731,
                "return_timestamp": 1568719845.240482
            },
            "fitness": 0.800000011920929,
            "loss_history": {
                "acc": [
                    0.800000011920929
                ],
                "loss": [
                    0.8775770664215088
                ],
                "val_acc": [
                    0.800000011920929
                ],
                "val_loss": [
                    0.8491275906562805
                ]
            },
            "novelty": {
                "behavior": null
            },
            "num_epochs_trained": 1,
            "regression": {
                "features": null
            },
            "task_fitness": [
                0.800000011920929
            ],
            "total_num_epochs_trained": 1,
            "train_seed": 458813,
            "training_time": 1.6448426246643066,
            "weights_l2norm": null
        }
    },
    "9": {
        "id": "9",
        "identity": {
            "generation": null,
            "generation_timestamp": 1568719783.051168
        },
        "interpretation": "/home/ubuntu/enn-workspace/enn-release/results/509868_CTStexttest_textclassifier_test_config_201909171129/gen_00/candidate_9.json",
        "metrics": {
            "alt_objective": null,
            "avg_gpu_batch_time": [],
            "execution": {
                "client_elapsed_time": 7.342243909835815,
                "eval_error": null,
                "queue_wait_time": 5.81483268737793,
                "return_timestamp": 1568719845.0072737
            },
            "fitness": 0.6000000238418579,
            "loss_history": {
                "acc": [
                    0.800000011920929
                ],
                "loss": [
                    0.6744483113288879
                ],
                "val_acc": [
                    0.6000000238418579
                ],
                "val_loss": [
                    0.6741194128990173
                ]
            },
            "novelty": {
                "behavior": null
            },
            "num_epochs_trained": 1,
            "regression": {
                "features": null
            },
            "task_fitness": [
                0.6000000238418579
            ],
            "total_num_epochs_trained": 1,
            "train_seed": 977232,
            "training_time": 1.2546086311340332,
            "weights_l2norm": null
        }
    }
}