{
    "14": {
        "id": "14",
        "identity": {
            "generation": null,
            "generation_timestamp": 1568794673.8124444
        },
        "interpretation": "/home/ubuntu/enn-workspace/enn-release/results/509868_CTStexttest_surveyClassifier_test_config_201909180817/gen_00/candidate_14.json",
        "metrics": {
            "alt_objective": null,
            "avg_gpu_batch_time": [],
            "execution": {
                "client_elapsed_time": 5.35103440284729,
                "eval_error": null,
                "queue_wait_time": 15.757862567901611,
                "return_timestamp": 1568794847.1743758
            },
            "fitness": 0.11289245108579227,
            "loss_history": {
                "activation_1_acc": [
                    0.18304576136583564,
                    0.19554888716963834
                ],
                "activation_1_loss": [
                    2.4846074630630466,
                    2.481578646555159
                ],
                "activation_2_acc": [
                    0.012753188289621825,
                    0.023255813946035927
                ],
                "activation_2_loss": [
                    5.3934958301266605,
                    5.392618642445951
                ],
                "activation_3_acc": [
                    0.05551387843980763,
                    0.09377344333103044
                ],
                "activation_3_loss": [
                    4.672392434375111,
                    4.667247242914435
                ],
                "loss": [
                    12.550495662817987,
                    12.541444632970682
                ],
                "val_activation_1_acc": [
                    0.18837675192432557,
                    0.18837675192432557
                ],
                "val_activation_1_loss": [
                    2.4840726116616167,
                    2.4749248381368143
                ],
                "val_activation_2_acc": [
                    0.03807615193879915,
                    0.014028055929319414
                ],
                "val_activation_2_loss": [
                    5.393209883588589,
                    5.3921075029698065
                ],
                "val_activation_3_acc": [
                    0.06613226416324805,
                    0.13627254540373185
                ],
                "val_activation_3_loss": [
                    4.671433464080872,
                    4.656493913195654
                ],
                "val_loss": [
                    12.548716069223408,
                    12.52352626051358
                ]
            },
            "novelty": {
                "behavior": null
            },
            "num_epochs_trained": 2,
            "regression": {
                "features": null
            },
            "task_fitness": [
                0.11289245108579227
            ],
            "total_num_epochs_trained": 2,
            "train_seed": 357718,
            "training_time": 1.6932621002197266,
            "weights_l2norm": null
        }
    }
}