{
    "11": {
        "id": "11",
        "identity": {
            "generation": null,
            "generation_timestamp": 1568719849.3721278
        },
        "interpretation": "/home/ubuntu/enn-workspace/enn-release/results/509868_CTStexttest_textclassifier_test_config_201909171129/gen_01/candidate_11.json",
        "metrics": {
            "alt_objective": null,
            "avg_gpu_batch_time": [],
            "execution": {
                "client_elapsed_time": 7.861062049865723,
                "eval_error": null,
                "queue_wait_time": 6.127265691757202,
                "return_timestamp": 1568719911.2974231
            },
            "fitness": 0.4000000059604645,
            "loss_history": {
                "acc": [
                    0.800000011920929
                ],
                "loss": [
                    0.9414675831794739
                ],
                "val_acc": [
                    0.4000000059604645
                ],
                "val_loss": [
                    0.9617628455162048
                ]
            },
            "novelty": {
                "behavior": null
            },
            "num_epochs_trained": 1,
            "regression": {
                "features": null
            },
            "task_fitness": [
                0.4000000059604645
            ],
            "total_num_epochs_trained": 1,
            "train_seed": 167098,
            "training_time": 1.7517271041870117,
            "weights_l2norm": null
        }
    },
    "12": {
        "id": "12",
        "identity": {
            "generation": null,
            "generation_timestamp": 1568719849.3721278
        },
        "interpretation": "/home/ubuntu/enn-workspace/enn-release/results/509868_CTStexttest_textclassifier_test_config_201909171129/gen_01/candidate_12.json",
        "metrics": {
            "alt_objective": null,
            "avg_gpu_batch_time": [],
            "execution": {
                "client_elapsed_time": 7.98286247253418,
                "eval_error": null,
                "queue_wait_time": 5.785213947296143,
                "return_timestamp": 1568719911.5294623
            },
            "fitness": 0.0,
            "loss_history": {
                "acc": [
                    0.20000000298023224
                ],
                "loss": [
                    1.0619086027145386
                ],
                "val_acc": [
                    0.0
                ],
                "val_loss": [
                    1.0776432752609253
                ]
            },
            "novelty": {
                "behavior": null
            },
            "num_epochs_trained": 1,
            "regression": {
                "features": null
            },
            "task_fitness": [
                0.0
            ],
            "total_num_epochs_trained": 1,
            "train_seed": 543460,
            "training_time": 1.8368473052978516,
            "weights_l2norm": null
        }
    }
}