{
    "91": {
        "id": "91",
        "identity": {
            "generation": null,
            "generation_timestamp": 1568741619.4371724
        },
        "interpretation": "/home/ubuntu/enn-workspace/enn-release/results/509868_CTStexttest_surveyClassifier_test_config_201909171722/gen_02/candidate_91.json",
        "metrics": {
            "alt_objective": null,
            "avg_gpu_batch_time": [],
            "execution": {
                "client_elapsed_time": 10.28393840789795,
                "eval_error": null,
                "queue_wait_time": 6.172914743423462,
                "return_timestamp": 1568741634.6683576
            },
            "fitness": 0.10955243754158955,
            "loss_history": {
                "activation_1_acc": [
                    0.15828957237074096,
                    0.19129782441139936,
                    0.1955488871770908,
                    0.19554888716963834,
                    0.1955488871621859
                ],
                "activation_1_loss": [
                    2.4843377246055405,
                    2.4641163259722285,
                    2.4830339114109736,
                    2.483109808170846,
                    2.463329445990839
                ],
                "activation_2_acc": [
                    0.012253063265816454,
                    0.024006001485470205,
                    0.028007001750437608,
                    0.027006751680469537,
                    0.02725681420355089
                ],
                "activation_2_loss": [
                    5.393355017812528,
                    5.392876051878685,
                    5.393627145046531,
                    5.393627540443384,
                    5.393626861495952
                ],
                "activation_3_acc": [
                    0.06776694171307653,
                    0.12203050756728717,
                    0.12678169536423642,
                    0.12678169538659376,
                    0.12678169540895107
                ],
                "activation_3_loss": [
                    4.671898089339955,
                    4.633214418635902,
                    4.563670724891192,
                    4.563456093677732,
                    4.579056630822592
                ],
                "loss": [
                    12.562733066651367,
                    12.502489821616933,
                    12.452611007938447,
                    12.45198000082525,
                    12.447262386466063
                ],
                "val_activation_1_acc": [
                    0.19438877707731747,
                    0.18837675192432557,
                    0.18837675192432557,
                    0.18837675192432557,
                    0.18837675192432557
                ],
                "val_activation_1_loss": [
                    2.482423692523597,
                    2.4793831929415164,
                    2.4837605375087333,
                    2.4812452052542584,
                    2.454439683046513
                ],
                "val_activation_2_acc": [
                    0.022044087993447672,
                    0.016032063945351477,
                    0.014028055929319414,
                    0.016032063945351477,
                    0.018036071961383543
                ],
                "val_activation_2_loss": [
                    5.39249622750139,
                    5.393626347811284,
                    5.3936276560078165,
                    5.3936276560078165,
                    5.393627179170658
                ],
                "val_activation_3_acc": [
                    0.09418837657433474,
                    0.12224448873905953,
                    0.12224448873905953,
                    0.12224448873905953,
                    0.12224448873905953
                ],
                "val_activation_3_loss": [
                    4.668373046752685,
                    4.571767521286775,
                    4.567464187293349,
                    4.569743046540775,
                    4.5933766785508885
                ],
                "val_loss": [
                    12.555559248150232,
                    12.457200681040426,
                    12.456892409162197,
                    12.456100897703,
                    12.452529051021966
                ]
            },
            "novelty": {
                "behavior": null
            },
            "num_epochs_trained": 5,
            "regression": {
                "features": null
            },
            "task_fitness": [
                0.10955243754158955
            ],
            "total_num_epochs_trained": 5,
            "train_seed": 291514,
            "training_time": 6.529138803482056,
            "weights_l2norm": null
        }
    }
}