{
    "11": {
        "id": "11",
        "identity": {
            "generation": null,
            "generation_timestamp": 1568720001.745793
        },
        "interpretation": "/home/ubuntu/enn-workspace/enn-release/results/509868_CTStexttest_surveyClassifier_test_config_201909171132/gen_01/candidate_11.json",
        "metrics": {
            "alt_objective": null,
            "avg_gpu_batch_time": [],
            "execution": {
                "client_elapsed_time": 6.421332836151123,
                "eval_error": null,
                "queue_wait_time": 26.53109121322632,
                "return_timestamp": 1568720084.0843043
            },
            "fitness": 0.10287241141374659,
            "loss_history": {
                "activation_1_acc": [
                    0.16229057258354124
                ],
                "activation_1_loss": [
                    2.4818973341534276
                ],
                "activation_2_acc": [
                    0.022505626391696763
                ],
                "activation_2_loss": [
                    5.392991211450705
                ],
                "activation_3_acc": [
                    0.07276819204055957
                ],
                "activation_3_loss": [
                    4.6681813111034565
                ],
                "loss": [
                    12.543790618608403
                ],
                "val_activation_1_acc": [
                    0.17234469012530867
                ],
                "val_activation_1_loss": [
                    2.4652796928772704
                ],
                "val_activation_2_acc": [
                    0.014028055929319414
                ],
                "val_activation_2_loss": [
                    5.3925178571788965
                ],
                "val_activation_3_acc": [
                    0.12224448818661168
                ],
                "val_activation_3_loss": [
                    4.644564252100392
                ],
                "val_loss": [
                    12.503102098055976
                ]
            },
            "novelty": {
                "behavior": null
            },
            "num_epochs_trained": 1,
            "regression": {
                "features": null
            },
            "task_fitness": [
                0.10287241141374659
            ],
            "total_num_epochs_trained": 1,
            "train_seed": 666387,
            "training_time": 2.626858949661255,
            "weights_l2norm": null
        }
    },
    "12": {
        "id": "12",
        "identity": {
            "generation": null,
            "generation_timestamp": 1568720001.745793
        },
        "interpretation": "/home/ubuntu/enn-workspace/enn-release/results/509868_CTStexttest_surveyClassifier_test_config_201909171132/gen_01/candidate_12.json",
        "metrics": {
            "alt_objective": null,
            "avg_gpu_batch_time": [],
            "execution": {
                "client_elapsed_time": 6.382724046707153,
                "eval_error": null,
                "queue_wait_time": 7.096347808837891,
                "return_timestamp": 1568720084.2885542
            },
            "fitness": 0.11890447488877083,
            "loss_history": {
                "activation_1_acc": [
                    0.1522880719658374
                ],
                "activation_1_loss": [
                    2.483994367153056
                ],
                "activation_2_acc": [
                    0.015753938484621154
                ],
                "activation_2_loss": [
                    5.393259486069408
                ],
                "activation_3_acc": [
                    0.11052763183345256
                ],
                "activation_3_loss": [
                    4.670963659856462
                ],
                "loss": [
                    12.548931000679246
                ],
                "val_activation_1_acc": [
                    0.19839679200448587
                ],
                "val_activation_1_loss": [
                    2.479888231816416
                ],
                "val_activation_2_acc": [
                    0.036072143922767086
                ],
                "val_activation_2_loss": [
                    5.391985217650572
                ],
                "val_activation_3_acc": [
                    0.12224448873905953
                ],
                "val_activation_3_loss": [
                    4.6613765326673855
                ],
                "val_loss": [
                    12.533965005664404
                ]
            },
            "novelty": {
                "behavior": null
            },
            "num_epochs_trained": 1,
            "regression": {
                "features": null
            },
            "task_fitness": [
                0.11890447488877083
            ],
            "total_num_epochs_trained": 1,
            "train_seed": 306878,
            "training_time": 2.4597012996673584,
            "weights_l2norm": null
        }
    }
}