{
    "10": {
        "id": "10",
        "identity": {
            "generation": null,
            "generation_timestamp": 1568718088.5179188
        },
        "interpretation": "/home/ubuntu/enn-workspace/enn-release/results/509868_CTStexttest_chestxray_test_config_201909171101/gen_00/candidate_10.json",
        "metrics": {
            "alt_objective": null,
            "avg_gpu_batch_time": [],
            "execution": {
                "client_elapsed_time": 63.504130601882935,
                "eval_error": null,
                "queue_wait_time": 6.10479211807251,
                "return_timestamp": 1568718211.20361
            },
            "fitness": 0.9642857142857143,
            "loss_history": {
                "densedec_task_00_term_00_acc": [
                    0.800000011920929
                ],
                "densedec_task_00_term_00_loss": [
                    0.6995740532875061
                ],
                "densedec_task_01_term_00_acc": [
                    0.6000000238418579
                ],
                "densedec_task_01_term_00_loss": [
                    0.6758392453193665
                ],
                "densedec_task_02_term_00_acc": [
                    1.0
                ],
                "densedec_task_02_term_00_loss": [
                    0.48058801889419556
                ],
                "densedec_task_03_term_00_acc": [
                    0.0
                ],
                "densedec_task_03_term_00_loss": [
                    0.8833299875259399
                ],
                "densedec_task_04_term_00_acc": [
                    1.0
                ],
                "densedec_task_04_term_00_loss": [
                    0.585730254650116
                ],
                "densedec_task_05_term_00_acc": [
                    0.4000000059604645
                ],
                "densedec_task_05_term_00_loss": [
                    0.7030569911003113
                ],
                "densedec_task_06_term_00_acc": [
                    1.0
                ],
                "densedec_task_06_term_00_loss": [
                    0.4128345847129822
                ],
                "densedec_task_07_term_00_acc": [
                    1.0
                ],
                "densedec_task_07_term_00_loss": [
                    0.6318663358688354
                ],
                "densedec_task_08_term_00_acc": [
                    0.0
                ],
                "densedec_task_08_term_00_loss": [
                    0.851108729839325
                ],
                "densedec_task_09_term_00_acc": [
                    0.4000000059604645
                ],
                "densedec_task_09_term_00_loss": [
                    0.6989466547966003
                ],
                "densedec_task_10_term_00_acc": [
                    0.800000011920929
                ],
                "densedec_task_10_term_00_loss": [
                    0.6254468560218811
                ],
                "densedec_task_11_term_00_acc": [
                    0.800000011920929
                ],
                "densedec_task_11_term_00_loss": [
                    0.6690578460693359
                ],
                "densedec_task_12_term_00_acc": [
                    0.800000011920929
                ],
                "densedec_task_12_term_00_loss": [
                    0.6535879969596863
                ],
                "densedec_task_13_term_00_acc": [
                    0.6000000238418579
                ],
                "densedec_task_13_term_00_loss": [
                    0.6853143572807312
                ],
                "loss": [
                    9.256295204162598
                ],
                "lr": [
                    0.00031377849518321455
                ]
            },
            "novelty": {
                "behavior": null
            },
            "num_epochs_trained": 1,
            "num_params": 51492,
            "regression": {
                "features": null
            },
            "task_fitness": [
                1.0,
                0.75,
                1.0,
                1.0,
                1.0,
                1.0,
                1.0,
                0.75,
                1.0,
                1.0,
                1.0,
                1.0,
                1.0,
                1.0
            ],
            "total_num_epochs_trained": 1,
            "train_seed": 769313,
            "training_time": 48.43834090232849,
            "weights_l2norm": null,
            "y_pred_isfinite": true
        }
    },
    "9": {
        "id": "9",
        "identity": {
            "generation": null,
            "generation_timestamp": 1568718088.5179188
        },
        "interpretation": "/home/ubuntu/enn-workspace/enn-release/results/509868_CTStexttest_chestxray_test_config_201909171101/gen_00/candidate_9.json",
        "metrics": {
            "alt_objective": null,
            "avg_gpu_batch_time": [],
            "execution": {
                "client_elapsed_time": 71.13944435119629,
                "eval_error": null,
                "queue_wait_time": 6.003576755523682,
                "return_timestamp": 1568718210.9102108
            },
            "fitness": 1.0,
            "loss_history": {
                "densedec_task_00_term_00_acc": [
                    0.4000000059604645
                ],
                "densedec_task_00_term_00_loss": [
                    0.6904211044311523
                ],
                "densedec_task_01_term_00_acc": [
                    1.0
                ],
                "densedec_task_01_term_00_loss": [
                    0.5325532555580139
                ],
                "densedec_task_02_term_00_acc": [
                    0.0
                ],
                "densedec_task_02_term_00_loss": [
                    0.7490495443344116
                ],
                "densedec_task_03_term_00_acc": [
                    0.0
                ],
                "densedec_task_03_term_00_loss": [
                    0.8681260347366333
                ],
                "densedec_task_04_term_00_acc": [
                    0.0
                ],
                "densedec_task_04_term_00_loss": [
                    1.0016244649887085
                ],
                "densedec_task_05_term_00_acc": [
                    0.0
                ],
                "densedec_task_05_term_00_loss": [
                    1.0217070579528809
                ],
                "densedec_task_06_term_00_acc": [
                    0.0
                ],
                "densedec_task_06_term_00_loss": [
                    0.9539167284965515
                ],
                "densedec_task_07_term_00_acc": [
                    1.0
                ],
                "densedec_task_07_term_00_loss": [
                    0.5531675815582275
                ],
                "densedec_task_08_term_00_acc": [
                    1.0
                ],
                "densedec_task_08_term_00_loss": [
                    0.6646180152893066
                ],
                "densedec_task_09_term_00_acc": [
                    0.0
                ],
                "densedec_task_09_term_00_loss": [
                    0.73115074634552
                ],
                "densedec_task_10_term_00_acc": [
                    1.0
                ],
                "densedec_task_10_term_00_loss": [
                    0.48625969886779785
                ],
                "densedec_task_11_term_00_acc": [
                    0.20000000298023224
                ],
                "densedec_task_11_term_00_loss": [
                    0.7127586603164673
                ],
                "densedec_task_12_term_00_acc": [
                    0.0
                ],
                "densedec_task_12_term_00_loss": [
                    0.7515215277671814
                ],