{
    "max_eval_time": [
        6,
        6
    ],
    "max_queue_time": [
        6,
        26
    ],
    "mean_eval_time": [
        5.5,
        6.0
    ],
    "mean_queue_time": [
        6.0,
        16.5
    ],
    "mean_throughput": [
        0.088128058732072,
        0.07268680943943169
    ],
    "median_eval_time": [
        5.5,
        6.0
    ],
    "std_eval_time": [
        0.5,
        0.0
    ],
    "std_queue_time": [
        0.0,
        9.5
    ],
    "success_rate": [
        1.0,
        1.0
    ],
    "total_eval_time": [
        62.409181356430054,
        82.54592609405518
    ]
}