{
    "11": {
        "id": "11",
        "identity": {
            "generation": null,
            "generation_timestamp": 1568718275.2654443
        },
        "interpretation": "/home/ubuntu/enn-workspace/enn-release/results/509868_CTStexttest_chestxray_test_config_201909171101/gen_01/candidate_11.json",
        "metrics": {
            "alt_objective": null,
            "avg_gpu_batch_time": [],
            "execution": {
                "client_elapsed_time": 113.1706178188324,
                "eval_error": null,
                "queue_wait_time": 5.992295980453491,
                "return_timestamp": 1568718397.6260223
            },
            "fitness": 0.8095238095238094,
            "loss_history": {
                "densedec_task_00_term_00_acc": [
                    0.6000000238418579
                ],
                "densedec_task_00_term_00_loss": [
                    2.7736504077911377
                ],
                "densedec_task_01_term_00_acc": [
                    0.0
                ],
                "densedec_task_01_term_00_loss": [
                    2.768893241882324
                ],
                "densedec_task_02_term_00_acc": [
                    0.20000000298023224
                ],
                "densedec_task_02_term_00_loss": [
                    2.341479778289795
                ],
                "densedec_task_03_term_00_acc": [
                    0.6000000238418579
                ],
                "densedec_task_03_term_00_loss": [
                    0.8551600575447083
                ],
                "densedec_task_04_term_00_acc": [
                    0.4000000059604645
                ],
                "densedec_task_04_term_00_loss": [
                    2.5821146965026855
                ],
                "densedec_task_05_term_00_acc": [
                    0.20000000298023224
                ],
                "densedec_task_05_term_00_loss": [
                    2.8074021339416504
                ],
                "densedec_task_06_term_00_acc": [
                    1.0
                ],
                "densedec_task_06_term_00_loss": [
                    0.08386527001857758
                ],
                "densedec_task_07_term_00_acc": [
                    0.0
                ],
                "densedec_task_07_term_00_loss": [
                    13.617718696594238
                ],
                "densedec_task_08_term_00_acc": [
                    0.6000000238418579
                ],
                "densedec_task_08_term_00_loss": [
                    6.038017749786377
                ],
                "densedec_task_09_term_00_acc": [
                    0.20000000298023224
                ],
                "densedec_task_09_term_00_loss": [
                    3.0789856910705566
                ],
                "densedec_task_10_term_00_acc": [
                    0.6000000238418579
                ],
                "densedec_task_10_term_00_loss": [
                    3.6009345054626465
                ],
                "densedec_task_11_term_00_acc": [
                    0.20000000298023224
                ],
                "densedec_task_11_term_00_loss": [
                    12.895116806030273
                ],
                "densedec_task_12_term_00_acc": [
                    1.0
                ],
                "densedec_task_12_term_00_loss": [
                    1.1920928955078125e-07
                ],
                "densedec_task_13_term_00_acc": [
                    0.6000000238418579
                ],
                "densedec_task_13_term_00_loss": [
                    6.447237968444824
                ],
                "loss": [
                    59.89085006713867
                ],
                "lr": [
                    0.00041492414311505854
                ]
            },
            "novelty": {
                "behavior": null
            },
            "num_epochs_trained": 1,
            "num_params": 7101,
            "regression": {
                "features": null
            },
            "task_fitness": [
                0.75,
                1.0,
                1.0,
                0.3333333333333333,
                0.875,
                0.75,
                1.0,
                1.0,
                0.625,
                1.0,
                1.0,
                0.5,
                1.0,
                0.5
            ],
            "total_num_epochs_trained": 1,
            "train_seed": 94550,
            "training_time": 91.05282998085022,
            "weights_l2norm": null,
            "y_pred_isfinite": true
        }
    },
    "12": {
        "id": "12",
        "identity": {
            "generation": null,
            "generation_timestamp": 1568718275.2654443
        },
        "interpretation": "/home/ubuntu/enn-workspace/enn-release/results/509868_CTStexttest_chestxray_test_config_201909171101/gen_01/candidate_12.json",
        "metrics": {
            "alt_objective": null,
            "avg_gpu_batch_time": [],
            "execution": {
                "client_elapsed_time": 125.96988320350647,
                "eval_error": null,
                "queue_wait_time": 6.049651622772217,
                "return_timestamp": 1568718458.1914449
            },
            "fitness": 1.0,
            "loss_history": {
                "densedec_task_00_term_00_acc": [
                    0.20000000298023224
                ],
                "densedec_task_00_term_00_loss": [
                    0.8634316325187683
                ],
                "densedec_task_01_term_00_acc": [
                    1.0
                ],
                "densedec_task_01_term_00_loss": [
                    0.6333616971969604
                ],
                "densedec_task_02_term_00_acc": [
                    0.20000000298023224
                ],
                "densedec_task_02_term_00_loss": [
                    0.7330730557441711
                ],
                "densedec_task_03_term_00_acc": [
                    0.0
                ],
                "densedec_task_03_term_00_loss": [
                    0.8090837597846985
                ],
                "densedec_task_04_term_00_acc": [
                    0.6000000238418579
                ],
                "densedec_task_04_term_00_loss": [
                    0.6829738616943359
                ],
                "densedec_task_05_term_00_acc": [
                    0.0
                ],
                "densedec_task_05_term_00_loss": [
                    0.7440775036811829
                ],
                "densedec_task_06_term_00_acc": [
                    1.0
                ],
                "densedec_task_06_term_00_loss": [
                    0.450753390789032
                ],
                "densedec_task_07_term_00_acc": [
                    0.4000000059604645
                ],
                "densedec_task_07_term_00_loss": [
                    0.6982990503311157
                ],
                "densedec_task_08_term_00_acc": [
                    1.0
                ],
                "densedec_task_08_term_00_loss": [
                    0.6254075169563293
                ],
                "densedec_task_09_term_00_acc": [
                    0.20000000298023224
                ],
                "densedec_task_09_term_00_loss": [
                    0.7213559150695801
                ],
                "densedec_task_10_term_00_acc": [
                    1.0
                ],
                "densedec_task_10_term_00_loss": [
                    0.5907996296882629
                ],
                "densedec_task_11_term_00_acc": [
                    1.0
                ],
                "densedec_task_11_term_00_loss": [
                    0.5781077146530151
                ],
                "densedec_task_12_term_00_acc": [
                    0.0
                ],