{
    "13": {
        "id": "13",
        "identity": {
            "generation": null,
            "generation_timestamp": 1568794992.601425
        },
        "interpretation": "/home/ubuntu/enn-workspace/enn-release/results/509868_CTStexttest_surveyClassifier_test_config_201909180823/gen_00/candidate_13.json",
        "metrics": {
            "alt_objective": null,
            "avg_gpu_batch_time": [],
            "execution": {
                "client_elapsed_time": 7.5133514404296875,
                "eval_error": null,
                "queue_wait_time": 14.892125606536865,
                "return_timestamp": 1568795015.1049726
            },
            "fitness": 0.10821643219756817,
            "loss_history": {
                "activation_1_acc": [
                    0.1872968241538844,
                    0.1955488871770908
                ],
                "activation_1_loss": [
                    2.484287133244283,
                    2.4628566848423876
                ],
                "activation_2_acc": [
                    0.01725431356348971,
                    0.02675668916484063
                ],
                "activation_2_loss": [
                    5.39337342224827,
                    5.392828554652816
                ],
                "activation_3_acc": [
                    0.0602650662591142,
                    0.10652663162065226
                ],
                "activation_3_loss": [
                    4.672001403461369,
                    4.626771143121283
                ],
                "loss": [
                    12.560761518495086,
                    12.492190941478885
                ],
                "val_activation_1_acc": [
                    0.18837675192432557,
                    0.18837675192432557
                ],
                "val_activation_1_loss": [
                    2.481560980867527,
                    2.4839283220753643
                ],
                "val_activation_2_acc": [
                    0.014028055929319414,
                    0.014028055929319414
                ],
                "val_activation_2_loss": [
                    5.392412632882953,
                    5.393626984231219
                ],
                "val_activation_3_acc": [
                    0.05410821631341754,
                    0.12224448873905953
                ],
                "val_activation_3_loss": [
                    4.668167545226868,
                    4.5672102738955696
                ],
                "val_loss": [
                    12.551833393578539,
                    12.454621620789798
                ]
            },
            "novelty": {
                "behavior": null
            },
            "num_epochs_trained": 2,
            "regression": {
                "features": null
            },
            "task_fitness": [
                0.10821643219756817
            ],
            "total_num_epochs_trained": 2,
            "train_seed": 175105,
            "training_time": 3.7679994106292725,
            "weights_l2norm": null
        }
    },
    "14": {
        "id": "14",
        "identity": {
            "generation": null,
            "generation_timestamp": 1568794992.601425
        },
        "interpretation": "/home/ubuntu/enn-workspace/enn-release/results/509868_CTStexttest_surveyClassifier_test_config_201909180823/gen_00/candidate_14.json",
        "metrics": {
            "alt_objective": null,
            "avg_gpu_batch_time": [],
            "execution": {
                "client_elapsed_time": 7.2332353591918945,
                "eval_error": null,
                "queue_wait_time": 18.10224723815918,
                "return_timestamp": 1568795075.7782438
            },
            "fitness": 0.10888443486957887,
            "loss_history": {
                "activation_1_acc": [
                    0.17104276065291033,
                    0.19554888716963834
                ],
                "activation_1_loss": [
                    2.4847450950319216,
                    2.482860385253746
                ],
                "activation_2_acc": [
                    0.0037509377344336083,
                    0.022505626399149208
                ],
                "activation_2_loss": [
                    5.393576152087987,
                    5.392939290931207
                ],
                "activation_3_acc": [
                    0.05351337832968126,
                    0.09027256811222574
                ],
                "activation_3_loss": [
                    4.672576151421202,
                    4.669277244342748
                ],
                "loss": [
                    12.550899370636573,
                    12.545078755498201
                ],
                "val_activation_1_acc": [
                    0.18637274507291332,
                    0.18837675192432557
                ],
                "val_activation_1_loss": [
                    2.484425009133104,
                    2.478159041108493
                ],
                "val_activation_2_acc": [
                    0.006012023956643675,
                    0.014028055929319414
                ],
                "val_activation_2_loss": [
                    5.393426311278869,
                    5.392123732633724
                ],
                "val_activation_3_acc": [
                    0.0621242483775458,
                    0.1242484967550916
                ],
                "val_activation_3_loss": [
                    4.672030814902816,
                    4.66059728805909
                ],
                "val_loss": [
                    12.549884085186976,
                    12.530882133988436
                ]
            },
            "novelty": {
                "behavior": null
            },
            "num_epochs_trained": 2,
            "regression": {
                "features": null
            },
            "task_fitness": [
                0.10888443486957887
            ],
            "total_num_epochs_trained": 2,
            "train_seed": 994022,
            "training_time": 3.539574384689331,
            "weights_l2norm": null
        }
    },
    "15": {
        "id": "15",
        "identity": {
            "generation": null,
            "generation_timestamp": 1568794992.601425
        },
        "interpretation": "/home/ubuntu/enn-workspace/enn-release/results/509868_CTStexttest_surveyClassifier_test_config_201909180823/gen_00/candidate_15.json",
        "metrics": {
            "alt_objective": null,
            "avg_gpu_batch_time": [],
            "execution": {
                "client_elapsed_time": 8.294714450836182,
                "eval_error": null,
                "queue_wait_time": 22.840952157974243,
                "return_timestamp": 1568795076.221209
            },
            "fitness": 0.10554442157049376,
            "loss_history": {
                "activation_1_acc": [
                    0.18854713675438628,
                    0.1955488871770908
                ],
                "activation_1_loss": [
                    2.4744710819695586,
                    2.4849037164209724
                ],
                "activation_2_acc": [
                    0.015503875968992248,
                    0.007251812953238309
                ],
                "activation_2_loss": [
                    5.393291400533582,
                    5.393628475158684
                ],
                "activation_3_acc": [
                    0.11102775691687748,
                    0.12678169540895107
                ],
                "activation_3_loss": [
                    4.629802411244672,
                    4.561980180842902
                ],
                "loss": [
                    12.497675744257261,
                    12.440627850959169
                ],