{
    "max_eval_time": [
        19,
        15,
        13,
        14,
        16,
        75,
        99,
        128,
        128,
        126,
        53,
        318,
        107,
        107,
        119,
        109,
        159,
        191,
        123,
        196,
        166,
        177,
        201,
        202,
        246,
        225,
        236,
        287
    ],
    "max_queue_time": [
        291,
        280,
        279,
        296,
        297,
        372,
        590,
        995,
        665,
        437,
        383,
        1992,
        630,
        679,
        1111,
        1135,
        1492,
        1335,
        1435,
        1930,
        1847,
        2034,
        1866,
        2040,
        2016,
        2289,
        2516,
        2501
    ],
    "mean_eval_time": [
        10.7,
        10.1,
        10.15,
        11.2,
        11.0,
        18.15,
        25.75,
        48.45,
        29.7,
        18.55,
        15.75,
        98.5,
        28.25,
        30.65,
        52.35,
        56.45,
        74.45,
        66.6,
        68.55,
        93.6,
        95.0,
        102.55,
        96.05,
        104.15,
        104.9,
        111.7,
        129.1,
        122.15
    ],
    "mean_queue_time": [
        147.45,
        144.75,
        143.9,
        146.45,
        151.25,
        191.7,
        281.85,
        491.2,
        370.0,
        175.45,
        212.55,
        838.65,
        304.9,
        330.75,
        511.5,
        617.65,
        724.1,
        702.15,
        732.55,
        980.05,
        883.8,
        1048.65,
        931.35,
        1113.05,
        1021.65,
        1051.2,
        1269.95,
        1392.15
    ],
    "mean_throughput": [
        0.032918586670798104,
        0.031176765547170207,
        0.03112204674249621,
        0.03450814727223218,
        0.03370343951427196,
        0.03578347487561907,
        0.040832752982317824,
        0.04321435986346162,
        0.04274130691219122,
        0.03651481716096,
        0.03504141839404829,
        0.04705043375545758,
        0.040737102972709674,
        0.040578046621029575,
        0.04423376675301695,
        0.04541891973957646,
        0.04623952397026344,
        0.0447402870402171,
        0.046136387906648424,
        0.0472819841996164,
        0.046155943358466234,
        0.04679765991970189,
        0.04681015980270736,
        0.04657995883943004,
        0.046893373197443064,
        0.04743604056144591,
        0.047398414609989684,
        0.04675187313254317
    ],
    "median_eval_time": [
        10.0,
        10.0,
        11.0,
        11.5,
        11.0,
        12.0,
        12.0,
        35.5,
        12.5,
        13.0,
        13.0,
        61.0,
        14.0,
        26.0,
        23.5,
        46.5,
        81.0,
        74.5,
        78.5,
        104.0,
        111.0,
        89.5,
        113.0,
        128.0,
        117.5,
        129.5,
        148.0,
        140.0
    ],
    "std_eval_time": [
        2.8124722220850464,
        2.3430749027719964,
        1.6815171720800235,
        2.039607805437114,
        2.16794833886788,
        18.03129224431793,
        27.94078560098123,
        41.863438702524185,
        41.17049914684056,
        24.697115216154295,
        8.993747828352761,
        102.87443803005681,
        31.001411258199198,
        23.00711846364077,
        41.94910606914049,
        36.71848989269575,
        39.560681237814904,
        42.08134978823754,
        40.419642502130074,
        57.79999999999999,
        46.46504062195577,
        54.56690847024412,
        53.85487443119703,
        56.29944493509682,
        66.64450464967086,
        68.52379148879606,
        82.71632245210131,
        75.40774164500618
    ],
    "std_queue_time": [
        87.44339597705478,
        83.26096023947838,
        84.3,
        89.37923416543688,
        89.57782928827869,
        123.1377683734767,
        181.5357471684296,
        318.80693217055364,
        204.58787842880622,
        118.1915711884735,
        110.75038374651349,
        634.7195660289668,
        199.32935057336638,
        203.78809459828608,
        323.7325284860945,
        316.9489351614862,
        420.4688930230154,
        417.3708512821661,
        410.7762742661752,
        578.596186904131,
        554.8941881115715,
        612.6833011434211,
        568.3562505154667,
        595.6476706073818,
        652.7050846285787,
        637.2978581479778,
        795.9456309949819,
        776.7631089978463
    ],
    "success_rate": [
        1.0,
        1.0,
        1.0,
        1.0,
        1.0,
        1.0,
        1.0,
        1.0,
        1.0,
        1.0,
        1.0,
        1.0,
        1.0,
        1.0,
        1.0,
        1.0,
        1.0,
        1.0,
        1.0,
        1.0,
        1.0,
        1.0,
        1.0,
        1.0,
        1.0,
        1.0,
        1.0,
        1.0
    ],
    "total_eval_time": [
        325.04433155059814,
        323.95919919013977,
        326.13536262512207,
        324.56103515625,
        326.37618470191956,
        507.217369556427,
        630.6212077140808,
        1121.1551010608673,
        694.8781435489655,
        508.01295042037964,
        449.46810722351074,
        2093.4982345104218,
        693.4710114002228,
        755.3345355987549,
        1183.4850125312805,
        1242.8741221427917,
        1610.0944302082062,
        1488.591254234314,
        1485.8120262622833,
        1979.6123530864716,
        2058.2398080825806,
        2191.3488874435425,
        2051.9049797058105,
        2235.9401466846466,
        2236.989852666855,
        2354.7496519088745,
        2723.719792366028,
        2612.729540348053
    ]
}