{
    "max_eval_time": [
        11,
        13
    ],
    "max_queue_time": [
        9,
        9
    ],
    "mean_eval_time": [
        10.0,
        13.0
    ],
    "mean_queue_time": [
        8.5,
        8.5
    ],
    "mean_throughput": [
        0.15552191753094718,
        0.20376244932261314
    ],
    "median_eval_time": [
        10.0,
        13.0
    ],
    "std_eval_time": [
        1.0,
        0.0
    ],
    "std_queue_time": [
        0.5,
        0.5
    ],
    "success_rate": [
        1.0,
        1.0
    ],
    "total_eval_time": [
        64.2996187210083,
        63.79978275299072
    ]
}