{
    "max_eval_time": [
        19,
        14
    ],
    "max_queue_time": [
        302,
        286
    ],
    "mean_eval_time": [
        11.15,
        10.5
    ],
    "mean_queue_time": [
        151.35,
        145.85
    ],
    "mean_throughput": [
        0.03425760544043932,
        0.03223717901248104
    ],
    "median_eval_time": [
        10.5,
        10.5
    ],
    "std_eval_time": [
        3.08666486681013,
        1.8303005217723127
    ],
    "std_queue_time": [
        93.39126029773878,
        85.03897635790308
    ],
    "success_rate": [
        1.0,
        1.0
    ],
    "total_eval_time": [
        325.47517132759094,
        325.7108817100525
    ]
}