{
    "10": {
        "id": "10",
        "identity": {
            "generation": null,
            "generation_timestamp": 1568719935.2886193
        },
        "interpretation": "/home/ubuntu/enn-workspace/enn-release/results/509868_CTStexttest_surveyClassifier_test_config_201909171132/gen_00/candidate_10.json",
        "metrics": {
            "alt_objective": null,
            "avg_gpu_batch_time": [],
            "execution": {
                "client_elapsed_time": 6.476093769073486,
                "eval_error": null,
                "queue_wait_time": 6.116277456283569,
                "return_timestamp": 1568719997.6946745
            },
            "fitness": 0.10821643219756817,
            "loss_history": {
                "activation_1_acc": [
                    0.19179794942029985
                ],
                "activation_1_loss": [
                    2.481844746073832
                ],
                "activation_2_acc": [
                    0.016004000985345174
                ],
                "activation_2_loss": [
                    5.393015125329031
                ],
                "activation_3_acc": [
                    0.09277319326106236
                ],
                "activation_3_loss": [
                    4.667838917937568
                ],
                "loss": [
                    12.543407708711998
                ],
                "val_activation_1_acc": [
                    0.18837675192432557
                ],
                "val_activation_1_loss": [
                    2.466515843519467
                ],
                "val_activation_2_acc": [
                    0.014028055929319414
                ],
                "val_activation_2_loss": [
                    5.392558936843414
                ],
                "val_activation_3_acc": [
                    0.12224448873905953
                ],
                "val_activation_3_loss": [
                    4.639100732210882
                ],
                "val_loss": [
                    12.498903991225248
                ]
            },
            "novelty": {
                "behavior": null
            },
            "num_epochs_trained": 1,
            "regression": {
                "features": null
            },
            "task_fitness": [
                0.10821643219756817
            ],
            "total_num_epochs_trained": 1,
            "train_seed": 193817,
            "training_time": 2.7451887130737305,
            "weights_l2norm": null
        }
    },
    "9": {
        "id": "9",
        "identity": {
            "generation": null,
            "generation_timestamp": 1568719935.2886193
        },
        "interpretation": "/home/ubuntu/enn-workspace/enn-release/results/509868_CTStexttest_surveyClassifier_test_config_201909171132/gen_00/candidate_9.json",
        "metrics": {
            "alt_objective": null,
            "avg_gpu_batch_time": [],
            "execution": {
                "client_elapsed_time": 5.704815149307251,
                "eval_error": null,
                "queue_wait_time": 6.740208864212036,
                "return_timestamp": 1568719997.425816
            },
            "fitness": 0.10487641886799891,
            "loss_history": {
                "activation_1_acc": [
                    0.19304826202080172
                ],
                "activation_1_loss": [
                    2.4754444273390392
                ],
                "activation_2_acc": [
                    0.0222555638835203
                ],
                "activation_2_loss": [
                    5.393273963246175
                ],
                "activation_3_acc": [
                    0.113528382080619
                ],
                "activation_3_loss": [
                    4.626173411705817
                ],
                "loss": [
                    12.494891758351423
                ],
                "val_activation_1_acc": [
                    0.18837675192432557
                ],
                "val_activation_1_loss": [
                    2.484591076034821
                ],
                "val_activation_2_acc": [
                    0.0040080159406116105
                ],
                "val_activation_2_loss": [
                    5.393628120422363
                ],
                "val_activation_3_acc": [
                    0.12224448873905953
                ],
                "val_activation_3_loss": [
                    4.566702375431099
                ],
                "val_loss": [
                    12.444921571888283
                ]
            },
            "novelty": {
                "behavior": null
            },
            "num_epochs_trained": 1,
            "regression": {
                "features": null
            },
            "task_fitness": [
                0.10487641886799891
            ],
            "total_num_epochs_trained": 1,
            "train_seed": 810441,
            "training_time": 2.0185158252716064,
            "weights_l2norm": null
        }
    }
}