{
    "max_eval_time": [
        71,
        125
    ],
    "max_queue_time": [
        6,
        6
    ],
    "mean_eval_time": [
        67.0,
        119.0
    ],
    "mean_queue_time": [
        6.0,
        5.5
    ],
    "mean_throughput": [
        0.5459170777720177,
        0.6503183353786898
    ],
    "median_eval_time": [
        67.0,
        119.0
    ],
    "std_eval_time": [
        4.0,
        6.0
    ],
    "std_queue_time": [
        0.0,
        0.5
    ],
    "success_rate": [
        1.0,
        1.0
    ],
    "total_eval_time": [
        122.72926187515259,
        182.98730564117432
    ]
}