{
    "max_eval_time": [
        7,
        7
    ],
    "max_queue_time": [
        5,
        6
    ],
    "mean_eval_time": [
        7.0,
        7.0
    ],
    "mean_queue_time": [
        5.0,
        5.5
    ],
    "mean_throughput": [
        0.1125539813499096,
        0.11261159180930676
    ],
    "median_eval_time": [
        7.0,
        7.0
    ],
    "std_eval_time": [
        0.0,
        0.0
    ],
    "std_queue_time": [
        0.0,
        0.5
    ],
    "success_rate": [
        1.0,
        1.0
    ],
    "total_eval_time": [
        62.19238018989563,
        62.160563468933105
    ]
}